{
  "project_info": {
    "project_number": "906901679415",
    "project_id": "agendacorte-5162d",
    "storage_bucket": "agendacorte-5162d.appspot.com"
  },
  "client": [
    {
      "client_info": {
        "mobilesdk_app_id": "1:906901679415:android:d562525f74fb4ff310beb2",
        "android_client_info": {
          "package_name": "com.example.agendacorte"
        }
      },
      "oauth_client": [],
      "api_key": [
        {
          "current_key": "AIzaSyDM6Hy9DAXHmn8CV3y3k3JDr6jUTilEx4s"
        }
      ],
      "services": {
        "appinvite_service": {
          "other_platform_oauth_client": []
        }
      }
    }
  ],
  "configuration_version": "1"
}